INSERT INTO khach_hang(CCCD, HoTen, SDT, Email, Phai) VALUES
(N'12345678901', N'Nguyen Van A', N'987654321', N'nguyenvana@example.com', N'Nam'),
(N'98765432112', N'Tran Thi B', N'912345678', N'tranthib@example.com', N'Nu'),
(N'123456789012', N'Le Van C', N'909876543', N'levanc@example.com', N'Nam'),
(N'234567890123', N'Pham Thi D', N'978123456', N'phamthid@example.com', N'Nu'),
(N'345678901234', N'Nguyen Van E', N'934567890', N'nguyenvane@example.com', N'Nam'),
(N'456789012345', N'Tran Thi F', N'985671234', N'tranthif@example.com', N'Nu'),
(N'567890123456', N'Le Van G', N'901234567', N'levang@example.com', N'Nam'),
(N'678901234567', N'Pham Thi H', N'910987654', N'phamthih@example.com', N'Nu'),
(N'789012345678', N'Nguyen Van I', N'932109876', N'nguyenvani@example.com', N'Nam'),
(N'890123456789', N'Tran Thi J', N'976543210', N'tranthij@example.com', N'Nu'),
(N'901234567890', N'Le Van K', N'987456321', N'levank@example.com', N'Nam'),
(N'12345678910', N'Pham Thi L', N'909871234', N'phamthil@example.com', N'Nu'),
(N'112233445566', N'Nguyen Van M', N'911239876', N'nguyenvanm@example.com', N'Nam'),
(N'223344556677', N'Tran Thi N', N'933456789', N'tranthin@example.com', N'Nu'),
(N'334455667788', N'Le Van O', N'909876541', N'levano@example.com', N'Nam'),
(N'445566778899', N'Pham Thi P', N'910987653', N'phamthip@example.com', N'Nu'),
(N'556677889900', N'Nguyen Van Q', N'932109875', N'nguyenvanq@example.com', N'Nam'),
(N'667788990011', N'Tran Thi R', N'976543219', N'tranthir@example.com', N'Nu'),
(N'778899001122', N'Le Van S', N'987654322', N'levans@example.com', N'Nam'),
(N'889900112233', N'Pham Thi T', N'901234568', N'phamthit@example.com', N'Nu')

INSERT INTO khu_vuc(TenKhuVuc) VALUES
(N'Mien Bac'),
(N'Mien Nam'),
(N'Mien Trung')

INSERT INTO bo_phan(TenBoPhan, MucLuong) VALUES
(N'Le tan', N'8000000'),
(N'Bep', N'10000000'),
(N'Phuc vu', N'7000000'),
(N'Ve sinh', N'5000000'),
(N'Quan ly', N'15000000')

INSERT INTO chi_nhanh(TenCN, DiaChi, GioMo, GioDong, SDT, GiaoHang, XeMay, XeHoi, MaKhuVuc) VALUES
(N'Chi nhanh 1', N'123 Le Lai', N'8:00', N'17:00', N'123456789', N'1', N'1', N'0', N'1'),
(N'Chi nhanh 2', N'456 Nguyen Du', N'9:00', N'18:00', N'987654321', N'1', N'0', N'1', N'1'),
(N'Chi nhanh 3', N'789 Tran Hung Dao', N'8:30', N'17:30', N'123987654', N'0', N'1', N'1', N'2'),
(N'Chi nhanh 4', N'101 Bach Dang', N'10:00', N'19:00', N'912345678', N'1', N'1', N'0', N'2'),
(N'Chi nhanh 5', N'102 Nguyen Trai', N'7:30', N'16:30', N'932123456', N'1', N'0', N'1', N'3'),
(N'Chi nhanh 6', N'103 Pham Ngoc Thach', N'8:00', N'17:00', N'912987654', N'0', N'1', N'0', N'3')

INSERT INTO nhan_vien(MaNV, HoTen, SoNha, Duong, Quan, ThanhPho, NgaySinh, Phai, BoPhan, ChiNhanh) VALUES
(N'NV001', N'Nguyen Van A', N'12 Le Lai', N'Le Lai', N'Quan 1', N'TP HCM', N'1990-05-15', N'Nam', N'1', N'1'),
(N'NV002', N'Tran Thi B', N'22 Nguyen Du', N'Nguyen Du', N'Quan 1', N'TP HCM', N'1992-08-20', N'Nu', N'2', N'1'),
(N'NV003', N'Le Thi C', N'32 Tran Hung Dao', N'Tran Hung Dao', N'Quan 3', N'TP HCM', N'1988-10-05', N'Nu', N'3', N'1'),
(N'NV004', N'Pham Minh D', N'42 Bach Dang', N'Bach Dang', N'Quan 5', N'TP HCM', N'1991-01-12', N'Nam', N'4', N'1'),
(N'NV005', N'Nguyen Thi E', N'52 Nguyen Trai', N'Nguyen Trai', N'Quan 7', N'TP HCM', N'1985-03-25', N'Nu', N'5', N'1'),
(N'NV006', N'Hoang Thi F', N'62 Pham Ngoc Thach', N'Pham Ngoc Thach', N'Quan 8', N'TP HCM', N'1989-07-19', N'Nam', N'1', N'2'),
(N'NV007', N'Truong Thi G', N'72 Le Lai', N'Le Lai', N'Quan 1', N'TP HCM', N'1993-11-04', N'Nu', N'2', N'2'),
(N'NV008', N'Nguyen Thi H', N'82 Nguyen Du', N'Nguyen Du', N'Quan 1', N'TP HCM', N'1990-01-28', N'Nam', N'3', N'2'),
(N'NV009', N'Le Thi I', N'92 Tran Hung Dao', N'Tran Hung Dao', N'Quan 3', N'TP HCM', N'1994-04-18', N'Nu', N'4', N'2'),
(N'NV010', N'Hoang Thi K', N'102 Bach Dang', N'Bach Dang', N'Quan 5', N'TP HCM', N'1992-07-01', N'Nam', N'5', N'2'),
(N'NV011', N'Truong Thi L', N'112 Nguyen Trai', N'Nguyen Trai', N'Quan 5', N'TP HCM', N'1992-03-15', N'Nu', N'1', N'3'),
(N'NV012', N'Nguyen Thi M', N'122 Pham Ngoc Thach', N'Pham Ngoc Thach', N'Quan 7', N'TP HCM', N'1987-05-05', N'Nam', N'2', N'3'),
(N'NV013', N'Le Thi N', N'132 Le Lai', N'Le Lai', N'Quan 1', N'TP HCM', N'1990-09-21', N'Nu', N'3', N'3'),
(N'NV014', N'Nguyen Thi O', N'142 Nguyen Du', N'Nguyen Du', N'Quan 5', N'TP HCM', N'1993-11-02', N'Nam', N'4', N'3'),
(N'NV015', N'Pham Minh P', N'152 Bach Dang', N'Bach Dang', N'Quan 3', N'TP HCM', N'1988-03-22', N'Nam', N'5', N'3'),
(N'NV016', N'Nguyen Thi Q', N'162 Pham Ngoc Thach', N'Pham Ngoc Thach', N'Quan 8', N'TP HCM', N'1994-06-30', N'Nam', N'1', N'4'),
(N'NV017', N'Hoang Thi R', N'172 Le Lai', N'Le Lai', N'Quan 4', N'TP HCM', N'1990-08-14', N'Nam', N'2', N'4'),
(N'NV018', N'Le Thi S', N'182 Nguyen Du', N'Nguyen Du', N'Quan 6', N'TP HCM', N'1989-02-20', N'Nu', N'3', N'4'),
(N'NV019', N'Pham Thi T', N'192 Tran Hung Dao', N'Tran Hung Dao', N'Quan 2', N'TP HCM', N'1995-01-25', N'Nu', N'4', N'4'),
(N'NV020', N'Nguyen Minh U', N'202 Bach Dang', N'Bach Dang', N'Quan 3', N'TP HCM', N'1986-04-05', N'Nam', N'5', N'4'),
(N'NV021', N'Nguyen Thi V', N'212 Nguyen Trai', N'Nguyen Trai', N'Quan 5', N'TP HCM', N'1990-03-17', N'Nu', N'1', N'5'),
(N'NV022', N'Tran Thi W', N'222 Pham Ngoc Thach', N'Pham Ngoc Thach', N'Quan 7', N'TP HCM', N'1987-08-09', N'Nu', N'2', N'5'),
(N'NV023', N'Hoang Minh X', N'232 Le Lai', N'Le Lai', N'Quan 1', N'TP HCM', N'1993-11-15', N'Nam', N'3', N'5'),
(N'NV024', N'Le Thi Y', N'242 Nguyen Du', N'Nguyen Du', N'Quan 4', N'TP HCM', N'1992-06-01', N'Nu', N'4', N'5'),
(N'NV025', N'Pham Thi Z', N'252 Bach Dang', N'Bach Dang', N'Quan 6', N'TP HCM', N'1985-02-14', N'Nam', N'5', N'5'),
(N'NV026', N'Nguyen Thi AA', N'262 Pham Ngoc Thach', N'Pham Ngoc Thach', N'Quan 8', N'TP HCM', N'1991-10-12', N'Nu', N'1', N'6'),
(N'NV027', N'Le Minh AB', N'272 Le Lai', N'Le Lai', N'Quan 1', N'TP HCM', N'1994-07-23', N'Nam', N'2', N'6'),
(N'NV028', N'Tran Thi AC', N'282 Nguyen Du', N'Nguyen Du', N'Quan 3', N'TP HCM', N'1990-11-19', N'Nu', N'3', N'6'),
(N'NV029', N'Hoang Thi AD', N'292 Tran Hung Dao', N'Tran Hung Dao', N'Quan 2', N'TP HCM', N'1988-01-03', N'Nam', N'4', N'6'),
(N'NV030', N'Nguyen Thi AE', N'302 Bach Dang', N'Bach Dang', N'Quan 4', N'TP HCM', N'1992-12-08', N'Nu', N'5', N'6')

UPDATE chi_nhanh
SET NVQuanLy = CASE MaCN
WHEN 1 THEN 'NV005'
WHEN 2 THEN 'NV010'
WHEN 3 THEN 'NV015'
WHEN 4 THEN 'NV020'
WHEN 5 THEN 'NV025'
WHEN 6 THEN 'NV030'END
WHERE MaCN IN(1,2,3,4,5,6);

ALTER TABLE chi_nhanh ADD CONSTRAINT FK_chinhanh_nhanvien FOREIGN KEY(NVQuanLy) REFERENCES nhan_vien(MaNV);

INSERT INTO lich_su_lam_viec(MaNV, ChiNhanh, NgayBatDau, NgayKetThuc) VALUES
(N'NV001', N'1', N'1/1/2024', N''),
(N'NV002', N'1', N'1/1/2024', N''),
(N'NV003', N'1', N'1/1/2024', N''),
(N'NV004', N'1', N'1/1/2024', N''),
(N'NV005', N'1', N'1/1/2024', N''),
(N'NV006', N'2', N'1/1/2024', N''),
(N'NV007', N'2', N'1/1/2024', N''),
(N'NV008', N'2', N'1/1/2024', N''),
(N'NV009', N'2', N'1/1/2024', N''),
(N'NV010', N'2', N'1/1/2024', N''),
(N'NV011', N'3', N'1/1/2024', N''),
(N'NV012', N'3', N'1/1/2024', N''),
(N'NV013', N'3', N'1/1/2024', N''),
(N'NV014', N'3', N'1/1/2024', N''),
(N'NV015', N'3', N'1/1/2024', N''),
(N'NV016', N'4', N'1/1/2024', N''),
(N'NV017', N'4', N'1/1/2024', N''),
(N'NV018', N'4', N'1/1/2024', N''),
(N'NV019', N'4', N'1/1/2024', N''),
(N'NV020', N'4', N'1/1/2024', N''),
(N'NV021', N'5', N'1/1/2024', N''),
(N'NV022', N'5', N'1/1/2024', N''),
(N'NV023', N'5', N'1/1/2024', N''),
(N'NV024', N'5', N'1/1/2024', N''),
(N'NV025', N'5', N'1/1/2024', N''),
(N'NV026', N'6', N'1/1/2024', N''),
(N'NV027', N'6', N'1/1/2024', N''),
(N'NV028', N'6', N'1/1/2024', N''),
(N'NV029', N'6', N'1/1/2024', N''),
(N'NV030', N'6', N'1/1/2024', N''),
(N'NV001', N'1', N'1/1/2023', N'6/30/2023'),
(N'NV001', N'2', N'7/1/2023', N'12/31/2023'),
(N'NV002', N'1', N'1/1/2023', N'6/30/2023'),
(N'NV002', N'3', N'7/1/2023', N'12/31/2023'),
(N'NV003', N'1', N'1/1/2023', N'6/30/2023'),
(N'NV003', N'2', N'7/1/2023', N'12/31/2023'),
(N'NV004', N'1', N'1/1/2023', N'6/30/2023'),
(N'NV004', N'3', N'7/1/2023', N'12/31/2023'),
(N'NV005', N'1', N'1/1/2023', N'6/30/2023'),
(N'NV005', N'2', N'7/1/2023', N'12/31/2023'),
(N'NV006', N'2', N'1/1/2023', N'6/30/2023'),
(N'NV006', N'3', N'7/1/2023', N'12/31/2023'),
(N'NV007', N'2', N'1/1/2023', N'6/30/2023'),
(N'NV007', N'4', N'7/1/2023', N'12/31/2023'),
(N'NV008', N'2', N'1/1/2023', N'6/30/2023'),
(N'NV008', N'5', N'7/1/2023', N'12/31/2023'),
(N'NV009', N'2', N'1/1/2023', N'6/30/2023'),
(N'NV009', N'4', N'7/1/2023', N'12/31/2023'),
(N'NV010', N'2', N'1/1/2023', N'6/30/2023'),
(N'NV010', N'5', N'7/1/2023', N'12/31/2023'),
(N'NV011', N'3', N'1/1/2023', N'6/30/2023'),
(N'NV011', N'4', N'7/1/2023', N'12/31/2023'),
(N'NV012', N'3', N'1/1/2023', N'6/30/2023'),
(N'NV012', N'4', N'7/1/2023', N'12/31/2023'),
(N'NV013', N'3', N'1/1/2023', N'6/30/2023'),
(N'NV013', N'5', N'7/1/2023', N'12/31/2023'),
(N'NV014', N'3', N'1/1/2023', N'6/30/2023'),
(N'NV014', N'5', N'7/1/2023', N'12/31/2023'),
(N'NV015', N'3', N'1/1/2023', N'6/30/2023'),
(N'NV015', N'4', N'7/1/2023', N'12/31/2023'),
(N'NV016', N'4', N'1/1/2023', N'6/30/2023'),
(N'NV016', N'5', N'7/1/2023', N'12/31/2023'),
(N'NV017', N'4', N'1/1/2023', N'6/30/2023'),
(N'NV017', N'5', N'7/1/2023', N'12/31/2023'),
(N'NV018', N'4', N'1/1/2023', N'6/30/2023'),
(N'NV018', N'6', N'7/1/2023', N'12/31/2023'),
(N'NV019', N'4', N'1/1/2023', N'6/30/2023'),
(N'NV019', N'6', N'7/1/2023', N'12/31/2023'),
(N'NV020', N'4', N'1/1/2023', N'6/30/2023'),
(N'NV020', N'5', N'7/1/2023', N'12/31/2023'),
(N'NV021', N'5', N'1/1/2023', N'6/30/2023'),
(N'NV021', N'6', N'7/1/2023', N'12/31/2023'),
(N'NV022', N'5', N'1/1/2023', N'6/30/2023'),
(N'NV022', N'6', N'7/1/2023', N'12/31/2023'),
(N'NV023', N'5', N'1/1/2023', N'6/30/2023'),
(N'NV023', N'6', N'7/1/2023', N'12/31/2023'),
(N'NV024', N'5', N'1/1/2023', N'6/30/2023'),
(N'NV024', N'6', N'7/1/2023', N'12/31/2023'),
(N'NV025', N'5', N'1/1/2023', N'6/30/2023'),
(N'NV025', N'6', N'7/1/2023', N'12/31/2023'),
(N'NV026', N'6', N'1/1/2023', N'6/30/2023'),
(N'NV026', N'1', N'7/1/2023', N'12/31/2023'),
(N'NV027', N'6', N'1/1/2023', N'6/30/2023'),
(N'NV027', N'3', N'7/1/2023', N'12/31/2023'),
(N'NV028', N'6', N'1/1/2023', N'6/30/2023'),
(N'NV028', N'4', N'7/1/2023', N'12/31/2023'),
(N'NV029', N'6', N'1/1/2023', N'6/30/2023'),
(N'NV029', N'5', N'7/1/2023', N'12/31/2023'),
(N'NV030', N'6', N'1/1/2023', N'6/30/2023'),
(N'NV030', N'1', N'7/1/2023', N'12/31/2023')

INSERT INTO dien_thoai_nhan_vien(MaNV, DienThoai) VALUES
(N'NV001', N'901234567'),
(N'NV001', N'902345678'),
(N'NV002', N'912345678'),
(N'NV002', N'913456789'),
(N'NV003', N'922345678'),
(N'NV003', N'923456789'),
(N'NV004', N'931234567'),
(N'NV004', N'932345678'),
(N'NV005', N'941234567'),
(N'NV005', N'942345678'),
(N'NV006', N'951234567'),
(N'NV006', N'952345678'),
(N'NV007', N'961234567'),
(N'NV007', N'962345678'),
(N'NV008', N'971234567'),
(N'NV008', N'972345678'),
(N'NV009', N'981234567'),
(N'NV009', N'982345678'),
(N'NV010', N'991234567'),
(N'NV010', N'992345678'),
(N'NV011', N'903456789'),
(N'NV011', N'904567890'),
(N'NV012', N'914567890'),
(N'NV012', N'915678901'),
(N'NV013', N'924567890'),
(N'NV013', N'925678901'),
(N'NV014', N'934567890'),
(N'NV014', N'935678901'),
(N'NV015', N'943456789'),
(N'NV015', N'944567890'),
(N'NV016', N'953456789'),
(N'NV016', N'954567890'),
(N'NV017', N'963456789'),
(N'NV017', N'964567890'),
(N'NV018', N'973456789'),
(N'NV018', N'974567890'),
(N'NV019', N'983456789'),
(N'NV019', N'984567890'),
(N'NV020', N'993456789'),
(N'NV020', N'994567890'),
(N'NV021', N'905678901'),
(N'NV021', N'906789012'),
(N'NV022', N'916789012'),
(N'NV022', N'917890123'),
(N'NV023', N'926789012'),
(N'NV023', N'927890123'),
(N'NV024', N'936789012'),
(N'NV024', N'937890123'),
(N'NV025', N'945678901'),
(N'NV025', N'946789012'),
(N'NV026', N'955678901'),
(N'NV026', N'956789012'),
(N'NV027', N'965678901'),
(N'NV027', N'966789012'),
(N'NV028', N'975678901'),
(N'NV028', N'976789012'),
(N'NV029', N'985678901'),
(N'NV029', N'986789012'),
(N'NV030', N'995678901'),
(N'NV030', N'996789012')

INSERT INTO mon_an(MaMon, TenMon, Gia, Loai) VALUES
(N'MM001', N'Trứng Hấp', N'50000', N'Khai Vị'),
(N'MM002', N'Súp Miso', N'35000', N'Khai Vị'),
(N'MM003', N'Súp Chay', N'40000', N'Khai Vị'),
(N'MM004', N'Trứng Cá Hồi', N'70000', N'Khai Vị'),
(N'MM020', N'Gỏi Cuốn', N'45000', N'Khai Vị'),
(N'MM021', N'Bánh Xèo', N'55000', N'Khai Vị'),
(N'MM022', N'Canh Chua', N'35000', N'Khai Vị'),
(N'MM005', N'Sashimi Tổng Hợp', N'150000', N'Sashimi Combo'),
(N'MM006', N'Sashimi Cá Hồi Đặc Biệt', N'200000', N'Sashimi Combo'),
(N'MM023', N'Sashimi Cá Hồi Cắt Lát Mỏng', N'120000', N'Sashimi Combo'),
(N'MM024', N'Sashimi Cá Ngừ Cắt Lát Mỏng', N'130000', N'Sashimi Combo'),
(N'MM025', N'Sashimi Mực', N'140000', N'Sashimi Combo'),
(N'MM007', N'Cá Ngừ (2 miếng)', N'60000', N'Nigiri'),
(N'MM008', N'Cá Hồi (2 miếng)', N'70000', N'Nigiri'),
(N'MM009', N'Lườn Cá Hồi Nướng Sốt (2 miếng)', N'80000', N'Nigiri'),
(N'MM026', N'Cá Ngừ Nướng (2 miếng)', N'75000', N'Nigiri'),
(N'MM027', N'Cá Hồi Nướng (2 miếng)', N'85000', N'Nigiri'),
(N'MM028', N'Mực Nướng (2 miếng)', N'95000', N'Nigiri'),
(N'MM010', N'Tempura Tôm', N'90000', N'Tempura'),
(N'MM011', N'Tempura Rau', N'60000', N'Tempura'),
(N'MM029', N'Tempura Cá Hồi', N'95000', N'Tempura'),
(N'MM030', N'Tempura Cua', N'100000', N'Tempura'),
(N'MM031', N'Tempura Nấm', N'70000', N'Tempura'),
(N'MM012', N'Udon Nước', N'50000', N'Udon'),
(N'MM013', N'Udon Xào', N'55000', N'Udon'),
(N'MM032', N'Udon Hải Sản', N'65000', N'Udon'),
(N'MM033', N'Udon Thịt Bò', N'60000', N'Udon'),
(N'MM034', N'Udon Mì Cải Chíp', N'58000', N'Udon'),
(N'MM014', N'Lẩu Cá Hồi', N'250000', N'Hotpot'),
(N'MM015', N'Lẩu Hải Sản', N'300000', N'Hotpot'),
(N'MM035', N'Lẩu Nấm', N'220000', N'Hotpot'),
(N'MM036', N'Lẩu Thập Cẩm', N'280000', N'Hotpot'),
(N'MM037', N'Lẩu Chay', N'200000', N'Hotpot'),
(N'MM016', N'Lunch Set 1', N'120000', N'Lunch Set'),
(N'MM017', N'Lunch Set 2', N'130000', N'Lunch Set'),
(N'MM038', N'Lunch Set 3', N'140000', N'Lunch Set'),
(N'MM039', N'Lunch Set 4', N'150000', N'Lunch Set'),
(N'MM040', N'Lunch Set 5', N'160000', N'Lunch Set'),
(N'MM018', N'Nước Mơ', N'20000', N'Các Món Nước'),
(N'MM019', N'Nước Chanh Đá', N'25000', N'Các Món Nước'),
(N'MM041', N'Nước Dưa Hấu', N'25000', N'Các Món Nước'),
(N'MM042', N'Nước Cam', N'20000', N'Các Món Nước'),
(N'MM043', N'Nước Cà Chua', N'22000', N'Các Món Nước')

INSERT INTO mon_an_khu_vuc(MaKhuVuc, MaMon) VALUES
(N'1', N'MM001'),
(N'1', N'MM002'),
(N'1', N'MM003'),
(N'1', N'MM004'),
(N'1', N'MM007'),
(N'1', N'MM008'),
(N'1', N'MM009'),
(N'1', N'MM010'),
(N'1', N'MM011'),
(N'1', N'MM012'),
(N'1', N'MM013'),
(N'1', N'MM014'),
(N'1', N'MM015'),
(N'1', N'MM016'),
(N'1', N'MM017'),
(N'1', N'MM018'),
(N'1', N'MM019'),
(N'2', N'MM001'),
(N'2', N'MM002'),
(N'2', N'MM003'),
(N'2', N'MM004'),
(N'2', N'MM005'),
(N'2', N'MM006'),
(N'2', N'MM007'),
(N'2', N'MM008'),
(N'2', N'MM009'),
(N'2', N'MM010'),
(N'2', N'MM011'),
(N'2', N'MM012'),
(N'2', N'MM013'),
(N'2', N'MM014'),
(N'2', N'MM015'),
(N'2', N'MM016'),
(N'2', N'MM017'),
(N'2', N'MM018'),
(N'2', N'MM019'),
(N'3', N'MM001'),
(N'3', N'MM002'),
(N'3', N'MM003'),
(N'3', N'MM004'),
(N'3', N'MM005'),
(N'3', N'MM006'),
(N'3', N'MM007'),
(N'3', N'MM008'),
(N'3', N'MM009'),
(N'3', N'MM010'),
(N'3', N'MM011'),
(N'3', N'MM012'),
(N'3', N'MM013'),
(N'3', N'MM014'),
(N'3', N'MM015'),
(N'3', N'MM016'),
(N'3', N'MM017'),
(N'3', N'MM018'),
(N'3', N'MM019')

INSERT INTO mon_an_chi_nhanh(MaCN, MaMon, GiaoHang) VALUES
(N'1', N'MM001', N'1'),
(N'1', N'MM002', N'0'),
(N'1', N'MM003', N'1'),
(N'1', N'MM004', N'1'),
(N'1', N'MM007', N'1'),
(N'1', N'MM008', N'0'),
(N'1', N'MM009', N'1'),
(N'1', N'MM010', N'1'),
(N'1', N'MM011', N'0'),
(N'1', N'MM012', N'1'),
(N'1', N'MM013', N'1'),
(N'1', N'MM014', N'1'),
(N'1', N'MM015', N'0'),
(N'1', N'MM016', N'1'),
(N'1', N'MM017', N'1'),
(N'1', N'MM018', N'0'),
(N'1', N'MM019', N'1'),
(N'2', N'MM001', N'1'),
(N'2', N'MM002', N'0'),
(N'2', N'MM003', N'1'),
(N'2', N'MM004', N'1'),
(N'2', N'MM007', N'1'),
(N'2', N'MM008', N'1'),
(N'2', N'MM009', N'0'),
(N'2', N'MM010', N'1'),
(N'2', N'MM011', N'1'),
(N'2', N'MM012', N'0'),
(N'2', N'MM013', N'1'),
(N'2', N'MM014', N'1'),
(N'2', N'MM015', N'0'),
(N'2', N'MM016', N'1'),
(N'2', N'MM017', N'1'),
(N'2', N'MM018', N'0'),
(N'2', N'MM019', N'1'),
(N'3', N'MM001', N'1'),
(N'3', N'MM002', N'1'),
(N'3', N'MM003', N'0'),
(N'3', N'MM004', N'1'),
(N'3', N'MM005', N'1'),
(N'3', N'MM006', N'1'),
(N'3', N'MM007', N'0'),
(N'3', N'MM008', N'1'),
(N'3', N'MM009', N'1'),
(N'3', N'MM010', N'1'),
(N'3', N'MM011', N'1'),
(N'3', N'MM012', N'0'),
(N'3', N'MM013', N'1'),
(N'3', N'MM014', N'1'),
(N'3', N'MM015', N'0'),
(N'3', N'MM016', N'1'),
(N'3', N'MM017', N'1'),
(N'3', N'MM018', N'0'),
(N'3', N'MM019', N'1'),
(N'4', N'MM001', N'1'),
(N'4', N'MM002', N'0'),
(N'4', N'MM003', N'1'),
(N'4', N'MM004', N'1'),
(N'4', N'MM005', N'0'),
(N'4', N'MM006', N'1'),
(N'4', N'MM007', N'1'),
(N'4', N'MM008', N'0'),
(N'4', N'MM009', N'1'),
(N'4', N'MM010', N'1'),
(N'4', N'MM011', N'1'),
(N'4', N'MM012', N'0'),
(N'4', N'MM013', N'1'),
(N'4', N'MM014', N'1'),
(N'4', N'MM015', N'1'),
(N'4', N'MM016', N'0'),
(N'4', N'MM017', N'1'),
(N'4', N'MM018', N'1'),
(N'4', N'MM019', N'0'),
(N'5', N'MM001', N'1'),
(N'5', N'MM002', N'0'),
(N'5', N'MM003', N'1'),
(N'5', N'MM004', N'1'),
(N'5', N'MM005', N'0'),
(N'5', N'MM006', N'1'),
(N'5', N'MM007', N'1'),
(N'5', N'MM008', N'0'),
(N'5', N'MM009', N'1'),
(N'5', N'MM010', N'1'),
(N'5', N'MM011', N'1'),
(N'5', N'MM012', N'0'),
(N'5', N'MM013', N'1'),
(N'5', N'MM014', N'1'),
(N'5', N'MM015', N'0'),
(N'5', N'MM016', N'1'),
(N'5', N'MM017', N'1'),
(N'5', N'MM018', N'0'),
(N'5', N'MM019', N'1'),
(N'6', N'MM001', N'1'),
(N'6', N'MM002', N'1'),
(N'6', N'MM003', N'0'),
(N'6', N'MM004', N'1'),
(N'6', N'MM005', N'1'),
(N'6', N'MM006', N'1'),
(N'6', N'MM007', N'0'),
(N'6', N'MM008', N'1'),
(N'6', N'MM009', N'1'),
(N'6', N'MM010', N'1'),
(N'6', N'MM011', N'1'),
(N'6', N'MM012', N'0'),
(N'6', N'MM013', N'1'),
(N'6', N'MM014', N'1'),
(N'6', N'MM015', N'0'),
(N'6', N'MM016', N'1'),
(N'6', N'MM017', N'1'),
(N'6', N'MM018', N'0'),
(N'6', N'MM019', N'1')

INSERT INTO phieu_dat(MaPhieu, NgayDat, MaCN, NhanVienLap, CCCD, LoaiPhieu) VALUES
(N'MP001', N'1/10/2024', N'1', N'NV003', N'12345678901', N'1'),
(N'MP002', N'2/15/2024', N'1', N'NV003', N'98765432112', N'2'),
(N'MP003', N'3/5/2024', N'1', N'NV003', N'123456789012', N'2'),
(N'MP004', N'4/18/2024', N'2', N'NV008', N'234567890123', N'1'),
(N'MP005', N'5/12/2024', N'2', N'NV008', N'345678901234', N'2'),
(N'MP006', N'6/21/2024', N'2', N'NV008', N'456789012345', N'2'),
(N'MP007', N'7/25/2024', N'3', N'NV013', N'567890123456', N'1'),
(N'MP008', N'8/13/2024', N'3', N'NV013', N'678901234567', N'2'),
(N'MP009', N'9/7/2024', N'3', N'NV013', N'789012345678', N'2'),
(N'MP010', N'10/3/2024', N'4', N'NV017', N'890123456789', N'1'),
(N'MP011', N'11/16/2024', N'4', N'NV017', N'901234567890', N'2'),
(N'MP012', N'12/5/2024', N'4', N'NV017', N'12345678910', N'3'),
(N'MP013', N'2/1/2024', N'5', N'NV023', N'112233445566', N'1'),
(N'MP014', N'3/28/2024', N'5', N'NV023', N'223344556677', N'2'),
(N'MP015', N'4/22/2024', N'5', N'NV023', N'334455667788', N'2'),
(N'MP016', N'5/19/2024', N'6', N'NV028', N'445566778899', N'1'),
(N'MP017', N'6/10/2024', N'6', N'NV028', N'556677889900', N'2'),
(N'MP018', N'7/14/2024', N'6', N'NV028', N'667788990011', N'3'),
(N'MP019', N'8/22/2024', N'1', N'NV003', N'778899001122', N'2'),
(N'MP020', N'9/30/2024', N'1', N'NV003', N'889900112233', N'3')

INSERT INTO order_tai_cho(MaPhieu, SoBan) VALUES
(N'MP001', N'1'),
(N'MP004', N'1'),
(N'MP007', N'1'),
(N'MP010', N'1'),
(N'MP013', N'1'),
(N'MP016', N'1')

INSERT INTO dat_ban_online(MaPhieu, KhuVuc, SoLuongKhach, GioDen, GhiChu) VALUES
(N'MP002', N'1', N'4', N'16:00:00', N'Chuyen giao hang lon'),
(N'MP003', N'1', N'3', N'12:30:00', N'Mong doi lau'),
(N'MP005', N'1', N'2', N'9:15:00', N'Thich mon dac biet'),
(N'MP006', N'1', N'5', N'15:00:00', N'Yeu can cho ngoi gan cua'),
(N'MP008', N'2', N'6', N'17:00:00', N'Dat truoc cho nhom'),
(N'MP009', N'2', N'7', N'13:45:00', N'Yeu cau an nhanh'),
(N'MP011', N'2', N'8', N'16:00:00', N'An voi gia dinh'),
(N'MP014', N'3', N'10', N'11:30:00', N'Dat tiec sinh nhat'),
(N'MP015', N'3', N'12', N'16:30:00', N'Yeu cau khong gian rieng tu'),
(N'MP017', N'3', N'3', N'10:00:00', N'Buoi hop nhom'),
(N'MP019', N'1', N'2', N'10:00:00', N'Thuc don dac biet')

INSERT INTO giao_hang(MaPhieu, ThoiDiemOnline, ThoiGianOnline) VALUES
(N'MP012', N'09:00:00', N'01:30:00'),
(N'MP018', N'11:00:00', N'02:00:00'),
(N'MP020', N'15:00:00', N'01:45:00')

INSERT INTO ma_mon_phieu_dat(MaPhieu, MaMon, SoLuong, DatTruoc) VALUES
(N'MP001', N'MM001', N'2', N'0'),
(N'MP001', N'MM003', N'1', N'0'),
(N'MP001', N'MM004', N'1', N'0'),
(N'MP001', N'MM006', N'3', N'0'),
(N'MP004', N'MM001', N'1', N'0'),
(N'MP004', N'MM004', N'2', N'0'),
(N'MP004', N'MM006', N'1', N'0'),
(N'MP004', N'MM008', N'1', N'0'),
(N'MP007', N'MM001', N'1', N'0'),
(N'MP007', N'MM003', N'2', N'0'),
(N'MP007', N'MM005', N'1', N'0'),
(N'MP010', N'MM002', N'3', N'0'),
(N'MP010', N'MM004', N'1', N'0'),
(N'MP010', N'MM010', N'2', N'0'),
(N'MP013', N'MM002', N'1', N'0'),
(N'MP013', N'MM005', N'1', N'0'),
(N'MP013', N'MM009', N'2', N'0'),
(N'MP016', N'MM003', N'1', N'0'),
(N'MP016', N'MM006', N'2', N'0'),
(N'MP016', N'MM014', N'1', N'0'),
(N'MP002', N'MM001', N'4', N'1'),
(N'MP002', N'MM003', N'4', N'1'),
(N'MP002', N'MM005', N'4', N'1'),
(N'MP002', N'MM007', N'4', N'1'),
(N'MP003', N'MM001', N'3', N'1'),
(N'MP003', N'MM002', N'3', N'1'),
(N'MP003', N'MM004', N'3', N'1'),
(N'MP003', N'MM009', N'3', N'1'),
(N'MP005', N'MM002', N'2', N'1'),
(N'MP005', N'MM006', N'2', N'1'),
(N'MP005', N'MM010', N'2', N'1'),
(N'MP006', N'MM003', N'5', N'1'),
(N'MP006', N'MM008', N'5', N'1'),
(N'MP006', N'MM011', N'5', N'1'),
(N'MP008', N'MM001', N'6', N'1'),
(N'MP008', N'MM003', N'6', N'1'),
(N'MP008', N'MM008', N'6', N'1'),
(N'MP009', N'MM002', N'7', N'1'),
(N'MP009', N'MM007', N'7', N'1'),
(N'MP009', N'MM010', N'7', N'1'),
(N'MP011', N'MM001', N'8', N'1'),
(N'MP011', N'MM003', N'8', N'1'),
(N'MP011', N'MM005', N'8', N'1'),
(N'MP014', N'MM004', N'10', N'1'),
(N'MP014', N'MM010', N'10', N'1'),
(N'MP014', N'MM019', N'10', N'1'),
(N'MP015', N'MM001', N'12', N'1'),
(N'MP015', N'MM006', N'12', N'1'),
(N'MP015', N'MM015', N'12', N'1'),
(N'MP017', N'MM003', N'3', N'1'),
(N'MP017', N'MM008', N'3', N'1'),
(N'MP017', N'MM017', N'3', N'1'),
(N'MP019', N'MM009', N'2', N'1'),
(N'MP019', N'MM016', N'2', N'1'),
(N'MP019', N'MM018', N'2', N'1'),
(N'MP012', N'MM001', N'10', N'0'),
(N'MP012', N'MM003', N'10', N'0'),
(N'MP012', N'MM004', N'10', N'0'),
(N'MP012', N'MM006', N'10', N'0'),
(N'MP018', N'MM001', N'7', N'0'),
(N'MP018', N'MM004', N'7', N'0'),
(N'MP018', N'MM005', N'7', N'0'),
(N'MP018', N'MM006', N'7', N'0'),
(N'MP020', N'MM003', N'5', N'0'),
(N'MP020', N'MM004', N'5', N'0'),
(N'MP020', N'MM005', N'5', N'0'),
(N'MP020', N'MM007', N'5', N'0')

INSERT INTO the(MaThe, CCCD, NgayLap, LoaiThe, TieuDung, NhanVienLap, CapNhat) VALUES
(N'MT001', N'778899001122', N'11/01/2023', N'member', N'150000', N'NV001', N'11/02/2023 '),
(N'MT002', N'334455667788', N'11/05/2023', N'silver', N'250000', N'NV002', N'11/06/2023 '),
(N'MT003', N'890123456789', N'11/07/2023', N'gold', N'500000', N'NV003', N'11/08/2023 '),
(N'MT004', N'567890123456', N'11/10/2023', N'member', N'120000', N'NV004', N'11/11/2023 '),
(N'MT005', N'456789012345', N'11/12/2023', N'silver', N'180000', N'NV005', N'11/13/2023 '),
(N'MT006', N'98765432112', N'11/14/2023', N'gold', N'350000', N'NV006', N'11/15/2023 '),
(N'MT007', N'12345678901', N'11/16/2023', N'member', N'80000', N'NV007', N'11/17/2023 '),
(N'MT008', N'889900112233', N'11/18/2023', N'silver', N'220000', N'NV008', N'11/19/2023 '),
(N'MT009', N'667788990011', N'11/20/2023', N'gold', N'600000', N'NV009', N'11/21/2023 '),
(N'MT010', N'556677889900', N'11/22/2023', N'member', N'90000', N'NV010', N'11/23/2023 '),
(N'MT011', N'445566778899', N'11/24/2023', N'silver', N'350000', N'NV011', N'11/25/2023 '),
(N'MT012', N'223344556677', N'11/26/2023', N'gold', N'450000', N'NV012', N'11/27/2023 '),
(N'MT013', N'123456789012', N'11/28/2023', N'member', N'200000', N'NV013', N'11/29/2023 '),
(N'MT014', N'234567890123', N'11/30/2023', N'silver', N'150000', N'NV014', N'12/01/2023 '),
(N'MT015', N'345678901234', N'12/02/2022', N'gold', N'550000', N'NV015', N'12/03/2022 ')

INSERT INTO chuong_trinh(NgayBD, NgayKT) VALUES
(N'01/01/2024', N'03/01/2025'),
(N'02/01/2024', N'04/01/2024'),
(N'03/01/2024', N'05/01/2024'),
(N'04/01/2024', N'06/01/2025'),
(N'05/01/2024', N'07/01/2024'),
(N'06/01/2024', N'08/01/2024'),
(N'07/01/2024', N'09/01/2025'),
(N'08/01/2024', N'10/01/2024'),
(N'09/01/2024', N'11/01/2024'),
(N'10/01/2024', N'12/01/2024'),
(N'11/01/2024', N'01/01/2025'),
(N'12/01/2024', N'02/01/2025'),
(N'01/15/2024', N'03/15/2024'),
(N'01/18/2024', N'03/18/2024'),
(N'02/01/2024', N'04/01/2024'),
(N'02/05/2024', N'04/05/2024'),
(N'03/01/2024', N'05/01/2024'),
(N'04/01/2024', N'06/01/2024'),
(N'05/01/2024', N'07/01/2024'),
(N'06/01/2024', N'11/29/2024')

INSERT INTO giam_gia(MaChuongTrinh, LoaiThe, UuDaiChietKhau, GiamGia, TangSP) VALUES
(N'1', N'gold', N'50', N'100', N'Salmon Roll'),
(N'1', N'member', N'30', N'50', N'California Roll'),
(N'1', N'silver', N'20', N'40', N'Tempura Roll'),
(N'2', N'gold', N'50', N'100', N'California Roll'),
(N'2', N'member', N'20', N'30', N'Spicy Tuna Roll'),
(N'2', N'silver', N'25', N'50', N'Seaweed Salad'),
(N'3', N'silver', N'20', N'40', N'Spicy Tuna Roll'),
(N'3', N'member', N'40', N'70', N'Chirashi Sushi'),
(N'3', N'gold', N'80', N'80', N'Spicy Salmon Roll'),
(N'4', N'silver', N'20', N'40', N'Spicy Tuna Roll'),
(N'4', N'member', N'30', N'50', N'Miso Soup'),
(N'4', N'gold', N'100', N'90', N'Salmon Sashimi'),
(N'5', N'member', N'10', N'20', N'Sushi Rice'),
(N'5', N'gold', N'30', N'60', N'Unagi Roll'),
(N'5', N'silver', N'15', N'30', N'Vegetable Tempura Roll'),
(N'6', N'member', N'30', N'50', N'Avocado Roll'),
(N'6', N'gold', N'40', N'70', N'Dragon Roll'),
(N'6', N'silver', N'20', N'40', N'Ebi Tempura Roll'),
(N'7', N'gold', N'100', N'90', N'Salmon Sashimi'),
(N'7', N'silver', N'20', N'40', N'Tempura Roll'),
(N'7', N'member', N'15', N'25', N'Seaweed Salad'),
(N'8', N'gold', N'80', N'80', N'Spicy Salmon Roll'),
(N'8', N'member', N'30', N'50', N'Soft Shell Crab Roll'),
(N'8', N'silver', N'25', N'50', N'Vegetable Tempura Roll'),
(N'9', N'silver', N'15', N'30', N'Seaweed Salad'),
(N'9', N'member', N'50', N'80', N'Salmon Nigiri'),
(N'9', N'gold', N'100', N'90', N'Tuna Tartare')

INSERT INTO tham_gia_chuong_trinh(MaPhieu, MaChuongTrinh) VALUES
(N'MP001', N'1'),
(N'MP002', N'2'),
(N'MP003', N'3'),
(N'MP004', N'4'),
(N'MP005', N'5'),
(N'MP006', N'6'),
(N'MP007', N'7'),
(N'MP008', N'8'),
(N'MP009', N'9'),
(N'MP010', N'1'),
(N'MP011', N'1'),
(N'MP012', N'2'),
(N'MP013', N'3'),
(N'MP014', N'4'),
(N'MP015', N'5'),
(N'MP016', N'6'),
(N'MP017', N'7'),
(N'MP018', N'8'),
(N'MP019', N'9'),
(N'MP020', N'3')

INSERT INTO danh_gia(MaPhieu, DiemPhucVu, DiemViTri, DiemChatLuong, DiemGiaCa, DiemKhongGian, BinhLuan) VALUES
(N'MP001', N'9', N'8', N'10', N'7', N'9', N'Tuyệt vời'),
(N'MP002', N'8', N'7', N'9', N'6', N'8', N'Khá tốt'),
(N'MP003', N'7', N'6', N'8', N'7', N'7', N'Đạt yêu cầu'),
(N'MP004', N'6', N'6', N'7', N'5', N'6', N'Chấp nhận được'),
(N'MP005', N'10', N'9', N'10', N'9', N'10', N'Xuất sắc'),
(N'MP006', N'9', N'8', N'8', N'7', N'8', N'Tốt'),
(N'MP007', N'7', N'7', N'6', N'8', N'7', N'Khá'),
(N'MP008', N'6', N'5', N'7', N'6', N'6', N'Trung bình'),
(N'MP009', N'8', N'7', N'8', N'7', N'7', N'Tốt'),
(N'MP010', N'9', N'9', N'9', N'8', N'9', N'Xuất sắc'),
(N'MP011', N'5', N'4', N'6', N'5', N'5', N'Không hài lòng'),
(N'MP012', N'10', N'10', N'10', N'10', N'10', N'Tuyệt vời'),
(N'MP013', N'8', N'7', N'7', N'8', N'7', N'Khá tốt'),
(N'MP014', N'7', N'8', N'8', N'7', N'7', N'Được'),
(N'MP015', N'9', N'8', N'9', N'9', N'8', N'Tuyệt vời'),
(N'MP016', N'6', N'6', N'7', N'6', N'6', N'Chấp nhận được'),
(N'MP017', N'8', N'7', N'8', N'6', N'7', N'Tốt'),
(N'MP018', N'9', N'8', N'9', N'8', N'9', N'Xuất sắc'),
(N'MP019', N'7', N'7', N'7', N'6', N'7', N'Đạt yêu cầu'),
(N'MP020', N'10', N'9', N'9', N'10', N'10', N'Chất lượng')